{
    "kwargs": {
        "output": "D",
        "reference": true,
        "normalization": {
            "dipole": {
                "mean": [
                    326.4514761544644,
                    763.6055794190403,
                    2506.7659246396233
                ],
                "std": [
                    4.539351072547043,
                    5.65529971710675,
                    14.920273559182812
                ]
            },
            "energy": {
                "mean": -691.58076385,
                "std": 0.061920889059920846
            }
        },
        "dipole": [
            -0.23863707176235494,
            0.3061033549157628,
            8.968511427559406
        ],
        "pos": [
            [
                9.33867e-07,
                1.71897e-05,
                0.0274699
            ],
            [
                -2.20985e-06,
                4.4324e-06,
                12.9719
            ],
            [
                4.79494,
                2.76835,
                8.6571
            ],
            [
                4.79496,
                2.76838,
                21.6015
            ],
            [
                4.24677e-06,
                5.53673,
                17.2867
            ],
            [
                -1.33924e-06,
                5.53672,
                4.34229
            ],
            [
                -1.37153e-05,
                -1.14201e-05,
                5.6399
            ],
            [
                8.72707e-06,
                1.63813e-05,
                18.5842
            ],
            [
                4.79493,
                2.76839,
                14.2694
            ],
            [
                4.79494,
                2.76835,
                1.32506
            ],
            [
                8.84271e-06,
                5.53672,
                22.899
            ],
            [
                6.3617e-06,
                5.5367,
                9.95471
            ],
            [
                -1.24954,
                2.659,
                2.66594
            ],
            [
                3.11694,
                5.89343,
                2.66593
            ],
            [
                -1.8674,
                8.0577,
                2.66593
            ],
            [
                1.86741,
                8.05773,
                15.6103
            ],
            [
                1.24954,
                2.65902,
                15.6103
            ],
            [
                -3.11695,
                5.89346,
                15.6103
            ],
            [
                3.54539,
                5.42735,
                11.2955
            ],
            [
                3.11695,
                0.356705,
                11.2955
            ],
            [
                7.72248,
                2.521,
                11.2955
            ],
            [
                1.86741,
                2.52099,
                24.24
            ],
            [
                6.0445,
                5.42738,
                24.24
            ],
            [
                6.47296,
                0.356725,
                24.24
            ],
            [
                -1.24952,
                8.19574,
                19.9251
            ],
            [
                -1.67798,
                3.1251,
                19.9251
            ],
            [
                2.92755,
                5.28936,
                19.9251
            ],
            [
                -2.92756,
                5.28933,
                6.98072
            ],
            [
                1.24954,
                8.1957,
                6.98074
            ],
            [
                1.67799,
                3.12506,
                6.98074
            ]
        ],
        "irreps_in": "3x0e+1x1o",
        "irreps_out": "1x1o",
        "max_radius": 6.0,
        "num_neighbors": 2,
        "pool_nodes": true,
        "num_nodes": 2,
        "mul": 2,
        "layers": 6,
        "lmax": 2
    },
    "class": "SabiaNetworkManager",
    "module": "miscellaneous.elia.nn"
}