{
    "mean": [
        30.26711944656399,
        30.61902422425696,
        30.32774944368399
    ],
    "std": [
        0.7507623363626263,
        0.6855369040226514,
        0.744485533997916
    ],
    "cutoff": 6.0
}