{
    "mean": [
        30.252945936971788,
        30.724085784463362,
        30.2066170321013
    ],
    "std": [
        0.7586731938542356,
        0.7390197715322024,
        0.7659142823488992
    ],
    "cutoff": 6.0
}