{
    "mean": [
        30.22184277671929,
        30.7480893942362,
        30.19864390843582
    ],
    "std": [
        0.7616665930135632,
        0.7306006422061319,
        0.7653380157863503
    ],
    "cutoff": 6.0
}