{
    "mean": [
        30.241407642048383,
        30.762981621295,
        30.2325949875012
    ],
    "std": [
        0.7438659496084414,
        0.7135593365607961,
        0.7644027368020903
    ]
}