{
    "dipole": [
        30.235618481599985,
        31.374582223599983,
        30.235618515899983
    ],
    "pos": [
        [
            3.77945,
            3.77945,
            3.77945
        ],
        [
            3.77945,
            4.34637,
            5.57469
        ],
        [
            3.77945,
            4.34637,
            1.98421
        ]
    ]
}